<?xml version="1.0"?><content><thumbs_width>275</thumbs_width><thumbs_height>75</thumbs_height><thumbs_space>0</thumbs_space><thumbs_bg>#f5f5f5</thumbs_bg><thumbs_borderw>4</thumbs_borderw><thumbs_borderc>#61ad61</thumbs_borderc><thumbs_pic_w>50</thumbs_pic_w><thumbs_pic_h>50</thumbs_pic_h><thumbs_pic_x>10</thumbs_pic_x><thumbs_pic_y>10</thumbs_pic_y><thumbs_text_w>200</thumbs_text_w><thumbs_text_h>50</thumbs_text_h><thumbs_text_title_c>#99f099</thumbs_text_title_c><thumbs_text_x>65</thumbs_text_x><thumbs_text_y>5</thumbs_text_y><pp_x>0</pp_x><pp_y>-0.1</pp_y><pp_bg>#99f099</pp_bg><scr_x>33</scr_x><scr_y>-0.1</scr_y><scr_w>-238</scr_w><scr_h>6</scr_h><scr_bg>#e6e6e6</scr_bg><scrl_bg>#ffffff</scrl_bg><scrp_bg>#99f099</scrp_bg><vol_x>-32</vol_x><vol_y>-0.1</vol_y><vol_bg>#99f099</vol_bg><full_x>-0.1</full_x><full_y>-0.1</full_y><full_bg>#99f099</full_bg><settings_bg>#474747</settings_bg><settings_controls_bg>#f5f5f5</settings_controls_bg><settings_controls_bg_h>28</settings_controls_bg_h><settings_disable_description>on</settings_disable_description></content>